Feature,Importance
 cibil_score,0.18935239245777977
 loan_amount,0.15878964153703884
 commercial_assets_value,0.1371502949505575
 luxury_assets_value,0.12791914884835193
 bank_asset_value,0.12022826614622606
 income_annum,0.10575528954450497
 no_of_dependents,0.08367811968784308
 loan_term,0.046754705315031925
 self_employed,0.021224663968772754
 loan_status,0.009147477543893149
