{
    "model_name": "Decision Tree",
    "smote_applied": false,
    "train_samples": 3415,
    "test_samples": 854,
    "n_features": 10,
    "tree_depth": 10,
    "n_leaves": 118,
    "train_metrics": {
        "accuracy": 0.6421669106881406,
        "precision": 0.638953488372093,
        "recall": 0.6464705882352941,
        "f1_score": 0.6426900584795322
    },
    "test_metrics": {
        "accuracy": 0.5058548009367682,
        "precision": 0.503370786516854,
        "recall": 0.5270588235294118,
        "f1_score": 0.5149425287356322,
        "roc_auc": 0.5197449609214315,
        "average_precision": 0.5228695321814021
    },
    "confusion_matrix": {
        "true_negatives": 208,
        "false_positives": 221,
        "false_negatives": 201,
        "true_positives": 224
    }
}