{
    "model_name": "Logistic Regression",
    "smote_applied": false,
    "train_samples": 3415,
    "test_samples": 854,
    "n_features": 10,
    "train_metrics": {
        "accuracy": 0.5127379209370425,
        "precision": 0.509825327510917,
        "recall": 0.5494117647058824,
        "f1_score": 0.5288788221970554
    },
    "test_metrics": {
        "accuracy": 0.48243559718969553,
        "precision": 0.4814004376367615,
        "recall": 0.5176470588235295,
        "f1_score": 0.4988662131519275,
        "roc_auc": 0.47677498971616616,
        "average_precision": 0.4788757933664949
    },
    "confusion_matrix": {
        "true_negatives": 192,
        "false_positives": 237,
        "false_negatives": 205,
        "true_positives": 220
    }
}