{
    "comparison_date": "2025-11-21 00:20:26",
    "models_compared": [
        "Logistic Regression",
        "Decision Tree"
    ],
    "smote_applied": false,
    "test_samples": 854,
    "metrics_comparison": {
        "Model": [
            "Logistic Regression",
            "Decision Tree"
        ],
        "Accuracy": [
            0.48243559718969553,
            0.5058548009367682
        ],
        "Precision": [
            0.4814004376367615,
            0.503370786516854
        ],
        "Recall": [
            0.5176470588235295,
            0.5270588235294118
        ],
        "F1-Score": [
            0.4988662131519275,
            0.5149425287356322
        ],
        "ROC-AUC": [
            0.47677498971616616,
            0.5197449609214315
        ]
    },
    "best_model_by_f1": "Decision Tree",
    "best_f1_score": 0.5149425287356322,
    "logistic_regression": {
        "model_name": "Logistic Regression",
        "smote_applied": false,
        "train_samples": 3415,
        "test_samples": 854,
        "n_features": 10,
        "train_metrics": {
            "accuracy": 0.5127379209370425,
            "precision": 0.509825327510917,
            "recall": 0.5494117647058824,
            "f1_score": 0.5288788221970554
        },
        "test_metrics": {
            "accuracy": 0.48243559718969553,
            "precision": 0.4814004376367615,
            "recall": 0.5176470588235295,
            "f1_score": 0.4988662131519275,
            "roc_auc": 0.47677498971616616,
            "average_precision": 0.4788757933664949
        },
        "confusion_matrix": {
            "true_negatives": 192,
            "false_positives": 237,
            "false_negatives": 205,
            "true_positives": 220
        }
    },
    "decision_tree": {
        "model_name": "Decision Tree",
        "smote_applied": false,
        "train_samples": 3415,
        "test_samples": 854,
        "n_features": 10,
        "tree_depth": 10,
        "n_leaves": 118,
        "train_metrics": {
            "accuracy": 0.6421669106881406,
            "precision": 0.638953488372093,
            "recall": 0.6464705882352941,
            "f1_score": 0.6426900584795322
        },
        "test_metrics": {
            "accuracy": 0.5058548009367682,
            "precision": 0.503370786516854,
            "recall": 0.5270588235294118,
            "f1_score": 0.5149425287356322,
            "roc_auc": 0.5197449609214315,
            "average_precision": 0.5228695321814021
        },
        "confusion_matrix": {
            "true_negatives": 208,
            "false_positives": 221,
            "false_negatives": 201,
            "true_positives": 224
        }
    },
    "recommendation": "Use Decision Tree for balanced performance (F1-Score: 0.5149)"
}