Model,Accuracy,Precision,Recall,F1-Score,ROC-AUC
Logistic Regression,0.48243559718969553,0.4814004376367615,0.5176470588235295,0.4988662131519275,0.47677498971616616
Decision Tree,0.5058548009367682,0.503370786516854,0.5270588235294118,0.5149425287356322,0.5197449609214315
